"1Major Construction, Inc."
"1st Choice Glass, Inc."
3E - Electrical Engineering & Equipment Company
"3FM, L.L.C. dba Speedpro Omaha"
3SD
"4-Gen Construction, Inc"
A & R Glazing LLC
A Clean Slate
"A Crane Rental, L.L.C. Crane & Rig Services LLC dba Anthony Crane USA"
"A-Core Concrete Cutting, Inc"
"A-Core of New Mexico, Inc."
A-Core of Oregon LLC
AAA Landscape
ABB
ABB Power Grids Singapore Pte Ltd
"Abbey Paving & Sealcoating Co., Inc"
ABM Electrical Power Solutions.
"Above and Beyond Carpet, Inc."
Absolute Fire Protection
"AC Lightning Protection, Inc."
Academy Roofing and Sheet Metal Co.
"Accessories Unlimited, Inc."
AccuJet LLC
"ACI Mechanical, Inc."
Acoustic Ceiling And Partition Company
"ACS Manufacturing, Inc."
ACTechnical Services
"Action Fence, Inc."
Active Fire Protection Systems Pte Ltd
Acuren
ADB
Adjustable Forms Inc
Advanced Erosion Solutions
Advanced Industrial Services LLC
Advanced Iron Works
Advanced Underground Utility Locating
Advantage Barricade
Advent Systems
AECOM
Aedas
Aerotek
"Aerotek, Inc."
AgTac Services LLC
"AI Corporate Interiors, inc."
Air Controls
Air Treatment Corporation
Alamo Concrete
Alandale Logistics
Albuquerque Concrete Coring Company Inc.
Albuquerque Directional Boring
"Albuquerque Reprographics, Inc"
Aldridge Electric
Alexander Mechanical Inc
"Alexander Metals, Inc"
Alfa Metal Designer
Alfa Tech Vestasia Pte Ltd
ALL Crane Rental Corporation
"All Crane Rental of Georgia, Inc."
All Site Structure Rentals USA LLC
All State Roofing
"All-American Scaffold, LLC"
"Allan Myers VA, Inc."
Alliance Seal coating Inc.
Allied Construction - Omaha
Allied Construction Services
Allied Universal Security
Allison Smith Company
"Alpha Insulation and Waterproofing, Inc."
Alpha Painting & Decorating Co Inc
Alpha Relay and Protection Testing LLC
"Ambar, Inc."
"Amelia Overhead Doors, LLC"
American Architectural Glass
"American Construction & Excavating, LLC"
American Directional Boring (Utility Boring LLC)
"American Drainage Systems, Inc."
American Fence Company LLC
"American Fence Company, Inc."
American Fire Sprinkler Corp
"American National Insulation and Sealants (American National Insulation, Inc.)"
American Sun Control
"American Tank Company, Inc."
Ames Construction
Andersen Concrete Pumping
Anning-Johnson Company
Anord Mardix
Anytime Labor - Nebraska LLC dba LaborMax
"Apache Industrial Services, Inc."
"APIC Solutions, Inc."
"Arbon Equipment Corporation dba Rite Hite, LLC"
"Architectural Components, Inc."
Architectural Glass Works
"Architectural Precast Solutions, Inc."
"Architectural Testing, Inc Dba Intertek"
Ardmac Ltd.
Ardman
"Area Erectors, Inc."
Arete Property Services DBA Stratus Building Solutions
"Argos USA, LLC."
Arizona Drilling & Blasting
"Artera Services Holdco, LLC"
Arup
Arup Singapore Pte Ltd
"Ascher Brothers Company, Inc"
ASCO
Ash Services
ASK Romein
"Aspen Ridge Electric, Inc."
Athletic Training Solutions (ATS)
ATK
Atkore Unistrut
Atlanta Tent Rental
"Atlantic Construction Fabrics, Inc. DBA Landsaver Environmental"
"Atlantic Constructors, Inc."
Atlantis Floor Covering Inc
"Atlas Industrial Contractors, LLC"
"ATMI Precast, Inc"
Atrium Inc
"ATS Automation, Inc."
ATS Rocky Mountain
Attika Interior + MEP Pte Ltd
"Auger Drilling, Inc."
"Aurora Installations, LLC"
"AUS, Inc"
AVIS Electrical Co
"Aza Services, LLC"
Azteca
B & D Industries
"B & F Contracting, Inc."
"B and M Masonry, Inc."
"B&D Concrete Cutting, Inc."
B&D Electric
B&D Industries
B&D Industries
Badger Daylighting Corp.
Bagby Electric
"Baker Concrete Construction, Inc."
"Baker Group, Inc."
"Baker Mechanical, Inc"
Baker Roofing Company
"Baltimore Fabrication, LLC"
Barge
"Baring Industries, Inc."
Barnhart Crane and Rigging Co. Inc.
Barnoli And Sons Concrete Pumping Inc
Barrier Compliance Services - Omaha
"Barrier Compliance Services, LLC"
"Barrier Technologies, LLC"
Barts Electric
Bass Roofing
Batch Plant
Bayside Interiors
BDX
"Beacon Technologies, Inc."
"Bedrock Earthwork, LLC"
Beech Construction Services
"Behrens And Associates, Inc."
"BEK, Inc."
Bel - Aire Mechanical
"Beltline Electric Company, Inc."
Bennett Construction Limited
Bennetts
"Berger Excavating Contractors, Inc."
Bestcoat Contract Services Pte Ltd
Beyron Door
"Big City Construction, Inc"
Bishop Engineering
BJ Rees's Enterprise
Bjerne Jensen
Black Box
"Blood Hound, LLC"
Blount Contracting
Blu-3 (UK) Ltd
Bob's Sparkle Wash
Boelter LLC
"Bofo Waterproofing, LLC"
Bonded Lightning Protection Systems Ltd
Border States Electric
Borie Davis Inc.
Boswell
"Bosworth Steel Erectors, Inc."
Bothnia
"Bourbon Tile & Marble, Inc."
Bragg Crane
"Bragg Investment Co, Inc. dba Bragg Crane Service"
BrandSafway Services LLC
Brandt
Bravida
"Brick House Inverts, Inc."
Brightview Landscape Development Inc
"Brightview Landscape Services, Inc"
"Brock Industrial Services, LLC"
Broken Top Window Coverings
"Brooks Berry Haynie & Associates, Inc."
Brundage-Bone Concrete Pumping
"Brundage-Bone Concrete Pumping, Inc. dba JLS Concrete Pumping"
Brunow Contracting LLC
"BSafe Industries, Inc"
Buckeye Concrete Pumping
Build It Right
Building Associates (S) Pte Ltd
"Building Solutions, LLC"
Bulheller Electric Co.
"Bulldog Services, LLC"
Burdick Painting
"Burnett Electric (Ryorik, Inc.)"
Business Furniture Warehouse
BVPI
"C.B. Flooring, LLC"
"C.M Steel, Inc."
"C&F Construction, LLC"
"C&H Safety Professionals, LLC"
Cache Valley
Cache Valley Electric
CalPortland
Campton Construction Inc.
"Capital City Group, Inc"
Capital City Services Co. (Wayne Norman Inc.)
Capital City Stucco
Capital Cranes Global
Capital Electric Construction
"Capitol Pump & Equipment, LLC"
Cardinal Glass Company
Carolina Fire Control
"Cascade Tower & Rigging, Inc."
Castle Contracting
Castle Equipment
CCI Flooring Inc.
CEC
"Ceiling Systems, Inc."
Cell Watch
Centerline Development
CentiMark Corporation
"Central Contractors Service, Inc."
Central Oregon Garage Door
Central Virginia Constructors
"Century Concrete, Inc."
Chamberlin Roofing And Waterproofing
"Chaparral Insulation Co., Inc."
"Chaparral Materials, Inc."
"Charley's Concrete Co., Ltd."
Charlie's Excavating Inc
Chase Industries dba. Subzero Engineering
"Chavez Concrete Pumping, LLC"
Chemcote
Chemcote
"Cherokee Pumping, Inc."
"Cherry Painting Company, Inc."
"Chestatee Industrial Contractor, LLC"
Chewning & Wilmer
Chian Teck Development Pte Ltd
Chris Walters
Christensen Specialty Division Inc.
Circle Diamond Construction
City Of Kuna
Cives Steel Company
CJ Industries LLC
"CJGeo (Preston H. Roberts, Inc.)"
CKF
"Clark's Lumber & Millwork, Inc."
Clarkson Construction
Classic Events & Parties
Clean Cut Tree Service
Clear Air
"Clive Stephens Plumbing, LLC"
"Clover Leaf Solutions, Inc."
CMC Rebar West
"CMC Steel Fabricators, Inc."
"Cobb Underground, LLC"
Cogri Asia Pacific Pte Ltd
Cohen Architectural
Collins & Hermann Inc
ColonialWebb Contractors Company
"Color, Inc"
Columbus Door Co.
Columbus Steel Erectors
Commercial Door & Frame
"Commonwealth Blinds & Shades, Inc."
Commonwealth Electric Company
Commonwealth Electric Company Of The Midwest
"Complete Clearing, Inc."
Concrete Placement
"Concrete Technologies, Inc."
Concrete Technology Inc
Condair
Consolidated Flooring of Chicago LLC
Construction Clean-Up Specialist
"Construction Clean-Up Specialists, Inc."
"Construction Specialties, Inc."
Consurco
Continental Electrical Construction Company
"Continental Painting & Decorating, Inc."
"Continental Pipe Services, Inc."
Continental Superior Tri City LLC
"Control Concepts, LLC"
"Control Systems Technicians, LLC"
"Cooling Land Concepts, LLC"
Copper State Bolt & Nut Co.
Corbins Electric
Coreslab Structure (Omaha) Inc.
Coreslab Structures (Albuquerque) Inc.
Coreslab Structures (Ariz) Inc.
Coreslab Structures (Missouri) Inc
"Cormaci Construction, Inc."
Corona Steel Inc.
Coronado
Corporate Contracting
"Corporate Interior Systems, Inc."
CorrPro
"Coughlin Company I, Inc."
Covenant
Crane Services CSI Acquisition Company LLC
Cretor
Critical Power Partners
CriticalArc
"Crown Corr, Inc"
Crown Roofing
Cruz & Sons Fence Company LLC
"CS Beatty Construction, Inc."
CSK
CST Tri-Venture
Cummins Sales And Service Singapore Pte Ltd
Cundall Singapore Pte Ltd
"Cupertino Electric, Inc."
Curran Contracting Company
Curtis Kitchen Equipment
D'Ambra Construction Corp.
D&A Doors
D&A Glass
D10
"Dale's Trash Service, Inc. dba Port-A-Johns"
Dallas Door And Supply Company
Dalmatian Fire
Dalton Protection Inc.
DAMAC Products LLC
Dan-Kel
Darling Geomatics
Data Center Mechanical Partners III
Data Center Mechanical Partners IV
"Data Center Resources, LLC"
Data Clean
Data Clean Corporation
Dave's Keystone Landscaping
David Russell
Davis Erection a division of Topping Out Inc.
Davis Minority Mechanical Contractors
"Davis Motor Crane Service, Inc."
Daw Construction
DCO Commercial Floors Inc
DEACTIVATED Active Fire Protection Systems Pte Ltd
"DEACTIVATED IES Commercial, Inc. Dba IES Communications, LLC"
Deane Cladding
Deane Roofing And Cladding
"DeKalb Mechanical, Inc"
Delta Fire
Delta Fire
Delta Pro Cleaning
Delta Professional Cleaning
Denbow Company
Derr & Isbell Construction
"DesignTeam, Inc"
DGB Glass
"DGI-MENARD, INC."
"DH Pace Company, Inc."
"DH Pace Door Services, A DH Pace CO, Inc."
Dickens Quality Demolition LLC
DIRECTLINE (S) PTE LTD
Diversified Wiring Solutiions
DJMC Partners Dba FastSigns
DLB Associates
"DLZ Industrial Surveying, Inc"
DMA Floors
"Doherty Steel, Inc."
"Donco, Inc."
Done Rite Lines
Donley Concrete Cutting Company
Dornan Engineering Limited
Doss Construction
"Doxel, Inc"
DPR Concrete
"DPR Concrete (DPR Construction, A General Partnership)"
DPR Construction
DPR Div 7
DPR Drywall
"DPR GC (DPR Construction, A General Partnership)"
DPR Interiors
DPR OES
"Drake Williams Steel, Inc."
Draper Aden Associates
"Drill It, Inc"
"Drilling Contract Services, Inc."
Drywall Systems Inc.
Dub-l-ee
Duke City Redi Mix
DUP Capital Cranes Global
Dup Obayashi Singapore Private Limited
DVL
Dynamic Doors
Dynamic Glass
DynaTen Corporation
E.C. Company
"E.G. Middleton, Inc."
"E.S. Chappell & Son, Inc."
E&I Engineering Limited
E2 Optics
"E2 Optics, LLC"
"Eagle Electrical Services, Inc."
EagleOne Safety Solutions LLC
EAI
"East Coast Metal Systems, Inc."
EASTERN GENERAL CONTRACTORS
Eastland Crane and Towing
Eaton
Ebmpapst
EC Electric
Eckardt Electrical Co
Ecolab
"EDI Precast, LLC"
Edpac
"EEFS Company, PC"
EK Machine
ELA Containers
ELA Containers
"Electric Power Systems International, Inc."
Electrical Corporation Of America (ECA)
Electrical Reliability Services  a Vertiv company
"Electrical Reliability Services, Inc"
ELESCO
Elite Glass and Metal
"Elite Security, LLC dba Signal 88 Security"
Elite Tile & Marble
"Elliott and Wood, Inc."
EMH&T
Empire Fence
Empire Power Systems
"EnCon Arizona, LLC"
Engel Electric Co.
"Engineered Restorations, Inc."
Engineered Thermal Insulation
"Engineered Wall System Texas, Inc."
"Engineering Specialties Co, Inc."
Enterprise Precast Concrete
"Enviro-Drill, Inc."
Environmental Management Services
"Environmental Solutions, Inc."
Environmental Systems Design
Envision Flooring LLC
"Epic Concrete Construction, Inc"
"EPS Group, Inc."
ESD Inc.
ESI Construction
"ESI, Inc"
"Europave, Inc."
Evoqua Water Technologies
Exceptional Waste Solutions
"Expansion Specialties, Inc."
Exposed Design Group
EXPRESS 21 PTE LTD
Extra Square Roofing LLC
Extruded Curb Company
"Eyrus, Inc."
"F. E. Moran, Inc. Fire Protection of Northern Illinois"
"Fabcon Precast, LLC"
Facebook
"Facility Systems, Inc"
"Faith Technologies, Inc."
"Falcon Contracting, Inc."
Farwest Insulation Contracting
Fastenal
FC Background LLC dba FC Construction Services
Federal Rent A Fence
Fibrebond
Fifth Rigging Construction
Finning CAT
"Fire Seal, LLC"
"Firestop Southwest, Inc"
Firetek Construction Services
Firetek Inc.
Firetrol Protection Systems Inc.
First Class Cleaning
First Coast Security
Fisher Fixture Company
Fitzgerald Electric
"FL Crane And Sons, Inc."
"Fleming West, LLC"
Fleury Engineering
Flexi Systems (S) Pte Ltd
"Floor Solutions, LLC"
Flow-Liner Systems LTD
Flowline L.L.C.
"Flynn BEC, LP"
Flynn Midwest
Flynn Midwest - Omaha
Flynn MWP
Flywheel AEC
"Foley Material Handling Co., Inc."
Forman Ford (Cable Glass LLC)
"FORT WORTH CIVIL CONSTRUCTORS, LLC"
"Fort Worth Surveying, LLC"
Fortis Construction
Foundation Service Corp
Foundation Steel
"Fox Cleaning Service, LLC"
Fox Holdings inc.
Fox Valley Fire & Safety Co.
FPS Fire Protection Specialists
"Frank's Supply Company, Inc."
"Franklin's Earthmoving, Inc"
Free State Alarm
Free State Alarm
Fuartech
"Fulton & Associates, Inc."
Fyens Stillads
Fyens Stillads
"G.A. Blocker Grading Contractor, Inc"
G.L. Howard
G&B Portable Fabric Buildings Inc.
G4S Secure Integration LLC
G4S Secure Solutions (Ire) Limited
"G4S Secure Solutions USA, Inc."
Gaeltec
Gaeltec ODN
Gale Insulation
Galindo Field Engineers
"GAP Project Controls Services, Inc."
"Garcia Chicoine Enterprises, Inc."
"Gardner Watson Decking, Inc."
Garratt Callahan Company
Gate Precast Company
Gate-It Access Systems Inc
"Gateway Construction Company , Inc."
"Gaylor, Inc."
Gen3 CO LLC
"Geo Constructors, Inc."
George J. Igel & Company
George J. Shaw - NE
George J. Shaw Construction - IA
George Shaw - Kansas City
"Georgia Firestop, Inc."
"GeoStrata, LLC"
Gerco-Fas
"GH Surveying, LLC"
Giampolini
Gibson An EMCOR Company
"Gill Group, Inc."
"Glass Systems, Inc."
Glaziers on Demand LLC
"Glenmount Global Solutions, LLC"
Global Cleaning Services
Global Roofing
GNB
GNB Global Inc.
Goettle
Golden State Contract Flooring
Golder
Gonzalez Construction
Goodman Decorating
Graves Fence Company
"Graybar Electric Supply, Co,"
Great Lakes Dock & Door
Great Plains Drilling
"Great Plains Tile & Stone, Inc."
"Greater Georgia Concrete, LLC"
"Green Construction, Inc."
Greene's Concrete Cutting
Greenheck
Grid Tech
"Griffin Pavement Striping, Inc."
Grimes Asphalt
Grounded LP LLC
"GSH Geotechnical, Inc"
"Guaranteed Waterproofing & Construction, LLC"
Guranteed Waterproofing
"H.E.S.S. Caulking & Restoration, Inc."
H&E Equipment
"H2NO, LLC"
Hanrahan Asphalt Paving
"Harbor Enterprises, LLC dba Survive-a-storm"
Harris Companies
Harris Davis Rebar LLC
"Harris Mountain West, LLC dba Superior Air Handling"
Harris Rebar
"Harris Steel, Inc."
"Harris Ventures, Inc. dba Staff Zone, Inc."
"Hausers Water System, Inc."
Hawkins Construction Company
"Hayward Baker, Inc. (Keller North America, Inc.)"
"HazTek, Inc."
"HCG Services, LLC (Holder Construction Group, LLC)"
HDC Inc ODN3
HDR
Heads Up Landscape Contractors LLC
"Heartland Window Treatments, Inc."
"Heaton Erecting, Inc."
Helm Group
Henriksen Contracting
Hensel Phelps
Hensel Phelps
Hermes Landscaping
"Hernandez Concrete Pumping, Inc."
Hetat Pte Ltd
Hicks Lightning Protection
"High Concrete Group, LLC"
Highcon
Hill Mechanical
Hilsabeck Schacht Inc.
Hilscher Clarke Electric Company
Hilti
Hire Quest
Hitachi ABB Singapore Pte Ltd
Hitachi Energy
HITT
"HLP Systems, Inc."
"Hobart Services / Gaylord Industries, Inc."
HOCK ANN METAL SCAFFOLDING PTE LTD
Hodgmans INC
Hoffman Corp
"Holder Construction Group, LLC"
"Holian Insulation Co., Inc."
"Holleman Trucking & Excavating, Inc"
"Hood-Patterson & Dewar, Inc."
Horizontal Boring & Tunneling Co.
Hotz Concrete Pumping
"House of Doors, Inc"
"Hufcor, Inc."
Huitt Zollars
Hunt/Miller
Hurricane Fence Co
Hy-Tek Material Handling Inc.
HydroExcavators
"Hydrospec, Inc."
Idaho Survey Group
IES Communications
"IHC Scott, Inc."
"Image Manufacturing Group, Inc."
IMC
IMCO Construction
Imperial Tile
"Independence Excavating, Inc."
"Indwell Woods, Inc."
"Infinity Drywall, Inc."
Inglett & Stubbs
"INSCO Industries, Inc"
"Intereum, Inc."
"Intermountain Plantings, LLC"
Intermountain Rigging & HeavyHaul (Knight Brothers LLC)
International Fire Protection
International Seismic Application Technology
Interstate Concrete Pumping LLC
Intertek
Iowa Concrete Cutting
Iowa Insulation Inc.
"Iowa MS, Inc. dba Mechanical Sales"
Iowa Plains Signing
IRent Everything
Iron Horse
Ironhide Construction
"Ironworks Rebar, Inc."
IWR North America
"IWS, Inc."
IZSAM (HEA Corporation)
"J & E Duff, Inc."
J Coffey Construction
"J. P. Larsen, Inc."
"J. P. Phillips, Inc."
J. Pettiecord
J.A. Lillig
J.D. Bishop Construction
"J.D. Steel Company, Inc."
"J.E. Liesfeld Contractor, Inc."
J.F. Ahern Co.
J.H. Hassinger
J.S. Perrott & Co.
"J&GC, Inc"
J&M Sanitation
J&R Door Inc. dba Overhead Door of Omaha
"Jacketta Sweeping Service, Inc."
"James L. Lord, Inc."
Jaynes Corporation
JB Henderson
JCI - Johnson Controls
JCI Fire Protection
JD Music  Tile Company
JE Dunn Construction
"JEM Restoration Services, Inc."
"Jensen Builders, Ltd."
JH Kelly
"JK Excavating, Inc"
"JKD Construction, Inc"
JL Drywall
"Joe Bero Plumbing, Inc"
John Burns Construction Company
John Emerick
John W Danforth Company
"Johnny on the Spot Services, LLC"
Johnson Contractors
Johnson Controls
Johnson Controls Fire Protection LP
Jones Engineering
JTC Inc.
"Just Rite Acoustics, Inc."
K & D LLC
K&D Rebar
"Kalkreuth Roofing And Sheet Metal, Inc."
Kapton Caulking & Building Restoration
KC Scaffold
"KCI Technologies, Inc."
Kedington Ltd
"Keller North America, Inc."
"Kelly Construction, Inc."
"Kelly Cortum, Inc."
Kenny Blackwell
Kenston Construction Pte Ltd
Kenston Construction Pte Ltd
Keon Consult Pte Ltd
Kerr Brothers & Associates
"Kerr Squared, LLC"
Kessor Industries DBA Superior Labor Solutions
"Kingdom Rebar, LLC"
Kingsforce Management
Kingsforce Management Services Pte Ltd
Kinzler Construction Services
Kirby Group
Kirk Williams Co.
Kleinfelder
Kleinfelder Inc.
Kline Electric Inc.
Klinger Constructors
"KM Kelly, Inc."
Knife River Corporation - Northwest
Koehn Earthmoving
"Koja Construction, Inc"
Kone - Omaha
"Kone, Inc."
Konfloor
KPost Roofing & Waterproofing
"Kurt Swensson, Inc. dba KSi Structural Engineers"
Kyrgyz Construction LLC
"L. S. Decker, Inc."
L.S. Lee
L&W Supply Corporation
"La Grange Crane Services, Inc."
Labor Finders of Tennessee - Memphis
Lafferty
"Lang Masonry Contractors, Inc."
Lanoha Nurseries
Larsen Crane Inc
Larson & Guth
LaRusso Concrete Inc.
LASCO
Laser Land Leveling Inc.
Lattelement
Lead Staffing
Lee Hy Paving
Lighthouse Electric
"Lightning Protection Systems, LLC dba VFC"
Limbach Company LLC
Linbrooke
Lincoln Tent Inc.
Linford Contract Glazing dba LCG Facades
Linx Multimedia
Liphart Steel Company
"Liquid Foam Insulation, Inc."
"Lisa Quine, Inc."
"Lithko Contracting, LLC"
Lithko Restoration Technologies
"LK Gregory Construction, Inc."
Lloyd Rebar Co.
LM2 Construction & Construction
LMH Engineering Ltd - Mechanical & Structural Engineering
LNL Building Solutions
Loescher Heating and Air Conditioning
Long Foundation
"Long Foundation Drilling, Co."
Lottman Carpenter
Lotz Construction LLC
Lovolt Systems
Low Voltage Solutions
"Lowe Engineers, LLC"
Lumitech
Luxxor Limousines LLC
Lyle Williams
"Lyon Holdings, Inc. dba Bend Commercial Glass"
Lyttle Utilities Incorporated
"M & J Construction, Inc"
"M P Barden & Sons, inc"
Mace
Mace
"Madison Heights Glass Co., Inc."
MAH Constructon Pte Ltd
"Majk Steel, Inc."
Manchett
Marable Pirkle Wrap
Marathon Electrical Contractors LLC
"Marek Interior Systems, Inc."
Mark One Electric
Marksman Security Corporation
"Marsden Building Maintenance, LLC"
Martin Marietta Materials
Maryland Electric Company LLC
Mata Tech LLC
Matrix Claims Management Incorporated
"Maxim Crane Works, LP"
Maxum Group LLC
Maxwell Lightning Protection
"Mayo Steel Erectors, Inc."
McAbee Construction Inc.
"McAlvain Companies, Inc."
McAninch Corporation
McArdle Grading
McCallum Rock Drilling Inc
"McClintock Electric, Inc."
McClure Engineering Company
Mccorvey Sheet Metal Works LP
McCulley Eastham & Associates
McDade Woodcock
McDowell Roofing
MCHC
"McKenney's, Inc."
McKenneys
McNeil Group Inc.
Meade Servicing Group
Mechanical Systems Testing & Balancing
"Mechanical Test & Balance, Inc."
Medcor
"Medcor, Inc"
"MEI Rigging & Crating, LLC"
"Memco, Inc."
Mercury Engineering
Mercury Fire Protection
Mercury Sprinkler
Meta
"METALSOURCE, Inc"
Metro Tile
"Metro Waterproofing, Inc."
Metromont Corporation
Meyer Sign
Meyers Improvement Solutions
Meyers Sign Co
Mezquite Installations
MGM Flooring Inc
"MH Solutions LG, LLC"
Michels Corporation
Microdesk
"Mid Atlantic Steel Erectors, Inc."
Mid-City Electric
Mid-Plains Insulation
"Midsouth Paving, Inc."
Midwest Communication
"Midwest D Vision Solutions, LLC"
Midwest Drilled Foundations and Engineering
Midwest Fence and Gates
"Midwest Rebar Services, LLC"
Mike's Fence Center
Miktom
Millennium 3 BP Pte Ltd
Miller Electric
Miller Engineering Company
"Miller-Lighthouse, LLC"
Millwork USA
"Miner, Ltd dba"
Mission Bell
"MMC Contractors, Inc."
Mobile Force Refueling
Mobile Medical Corporation
Mobile Modular
MobyDick Total Solution LLC
Modern Drilling Company LLC
ModuBuild
Morley-Moss Inc.
Mortenson Construction
Mortenson Self Performance
Motor City Electric Co.
Motorized Sun Solutions
Mount Carmel - Soil Cementing
MP Nex Level
Mt. Carmel Stabilization Group
MTM Engineering
MTU
"Multivista Iowa (NBC Construction Documentation, LLC)"
Munters
Muthia Sundaram
MV Fence LLC
"MW Construction, Inc."
"N-Trak Group, LLC"
N2 Roofing
Nalco Water and Ecolab Company
National Concrete Cutting Inc
National Electric Supply
National Safety Consulting
National Technologies
Nations Roof
Nebraska Iowa Supply Co Inc
"NEI Electric Power Engineering, Inc."
Nelson Thermal Insulation & Firestopping Company
NES
Ness & Campbell Crane
Ness Campbell Crane + Rigging
Neuco And Associates
"Neudorfer Engineers, Inc."
Neurilink
Neuvirth Construction
"New Field, Inc."
New River Electrical Corporation
Next-Level Technology
"Nexus Alarm And Suppression, Inc."
Niras
"Noel Company, Inc."
Noorda BEC
Nortek
Northland Control System
"Northland Control Systems, Inc."
"Northland Safety Solutions, LLC"
Northstar Fire
"Northwest Insulation, LLC (Installed Building Products, LLC)"
"Northwest Steel Erection, Inc."
Novenco
"Nyfeler Associates, LLC"
"Oban Construction, Inc."
Obayashi Singapore Private Limited
"Occupational Safety Consultants, LLC"
Oconee Porter Insulation
OEC Works
OES Equipment
"OES Equipment, LLC (OES Specialties)"
Ohio Valley Excavating
Old Castle
"Old Dominion Firestopping, LLC"
"Old Dominion Insulation, Inc."
Olsson Associates
On Site Medical
On Time Concrete Cutting LLC
On-site Solutions
Onnec
Oradeo
"Original Concrete Pumping Service, Inc."
"Outsource Telecom, LLC"
Outwest C&E Inc
"Overhead Door of Des Moines, Inc."
P Decking Steel Inc.
"P1 Construction, LLC"
P1Group
Pacific Mobile
"Padron Concrete, LLC"
Parametrix
Parking Lot Specialties
Parrish And Sons Construction
"Patriot Conveying and Pumping, LLC."
Patriot Crane and Rigging
Paul Peterson Co.
Pavement Protectors
"PayneCrest Electric, Inc."
PCI
PCX Corporation
"PDM Precast, Inc."
Peabody General Contractors
Pedersen Insulation Company
"PEI Ohio, Inc."
Pence Kelly Construction dba Pence Kelly Concrete LLC
Penhall
Penhall Company
Pentagon Technologies
People Associates Structural Engineers
"People Ready, Inc"
PEPG Consulting LLC
Per Aarsleff A/S
Perfection Flooring Solutions
PERFICUT
"Performance Contracting, Inc."
"Performance Electrical Contractors, LLC"
Perma-Pipe Inc.
Perry & Perry Builders
"Perry Weather Consulting, Inc."
"Peterson Contractors, Inc."
Pezzetti Erosion Control
PHD
PHD
PHD Access
PHD Modular Access Services Ltd
"Pink Grading, Inc."
Pinnacle Metal Works
Pioneer Concrete Pumping
Pipe Rehab Specialists
PIPE VISION
Pipeline Video Inspection DBA Aims Companies
Piqua Steel Company dba PSC Crane & Rigging
Plantwerkz Pte Ltd
"Plateau Excavation, Inc."
Platinum Recruiting
Platte River Concrete
Plunkett's Pest Control
PM Group
PM Group ODN3
PNI Builders
PNI Builders Singapore Pte Ltd
"Pompei, Inc."
Poole & Kent
"Porter Roofing Contractors, Inc."
Post-Tensioning Reinforcing Services
Power Partners Pte Ltd
Power Solutions Group
"Precision Concrete Construction, Inc."
Precision Precast Erectors
Precision Stone
Preferred Electric
Preferred Electric Construction Corp Of Illinios
Preferred Paving
Premier Aggregates
"Premium Concrete, Inc."
"Preston H. Roberts, Inc."
Prime
Prime Controls
"Prime Controls, L.P."
Prime Electric
Prime Industrial Access LLC
Prime Paint Pros
Prime State Electric
Pro Insulation
"Pro Screed, Inc."
Pro Wall Solutions LLC
Pro-Kleen Industrial Services dba Porta Kleen
Procon
"Protek Fire and Systems, LLC"
Provincial Security Services
Psomas
PSS Hire
Pyronova
Quality Construction Systems
Quality Electric
Quality Plus Services Inc.
Quest Mark
R & B Commercial Service Inc
R & K Construction
"R.F. Knox Company, Inc."
"R2M2 Rebar and Stressing, Inc."
R5 Holdings (Commercial Seed)
Radmacher Brothers Excavating
"RAM Construction Services Of Michigan, Inc."
Ramboll US Consulting Inc.
Ramcrete
Rand Construction
Ranger Excavation LP
"Ray's Flooring Specialists, Inc."
Raynor door authority of dekalb
"RC Cast Restoration & Cleaning, Inc."
"RC Glass, Inc."
"RCI Systems, LLC"
"RDG IA, Inc."
"Rebar Erection, Inc."
Record Automatic Doors Inc
Red Technologies
"Redi-Mix, LLC"
"Reeves Young, LLC"
Regal Plastic Supply Co
Regents Flooring
Reger Companies
REI Concrete
Renas
Rene Smit
"Research Air Flo, Inc."
Restroom Stalls & All
REYNOLDS CONCRETE PUMPING
RGR Erectors
"Rice Associates, Inc."
Rick Engineering Company
Rife Construction
"Rightech, Inc."
Riley Companies
Ringland Johnson
Rio Grande Fence Co. of Nashville
"RJ Whisenant, LLC"
RKMI
RLW
RM Mechanical
"RMD Kwikform North America, Inc."
RME
RMM Enterprises
Robert I. Merrill Company
"Robinson Service, Inc."
Rock Solutions LLC
Rock Valley Concrete Cutting
"rockford carpetland USA, inc"
Rockford Central Tile & Terrazzo Co.
Rocky Mountain Stone
Roctek Inc.
Rodriguez Construction And Underground
"Rodriguez Construction And Underground, Inc"
"Rodriguez Mechanical Contractors, Inc"
"Rogers Group, Inc."
"Romanoff Electric, Inc."
"Roof Analyzers, LLC"
"Roof Management, Inc."
"Rosendin Electric, Inc."
Rosendin Electrical
RoviSys Building Technologies
Royal Home Service LLC
RS Electric
"Ruppert Landscape, Inc."
RVM Construction
RXL
"S & S Paving & Construction, Inc."
"S.A. Comunale Co., Inc."
S.Wright & Associate Technologies
S&B Concrete
"S&Me, Inc."
S&R Enterprises
"S&W Waterproofing, Inc."
SA Comunale
Sachs Electric Company
Safe Engineering Pte Ltd
Safe Health
"Safe Site Utility Services, LLC"
Safety Rail Company
Safety Solutions
Sahuaro Contracting Inc
Salute Incorporated
Sam's & Sons
"Sani-Vac Service, Inc."
"Sani-Vac Service, Inc."
"Sauer Group, Inc."
Scaffold -Tech Pte Ltd
Schneider CSI
Schneider Electric
Schneider Electric Sverige AB
Schuff Steel
Schwartz Splicing
Scioto Ready Mix LLC
Scott Brown
Scottco Blinds
Sealco
Seaway Scaffold & Equip. Co
Securitas
Securitas Technology
"Seedorff Masonry, Inc."
Sentinel Maintenance Inc
"Sentry Steel Service Co., Inc."
Serco Construction Group
ServiceMaster Elite Janitorial (Integrity Concepts LLC)
SGA - FacOps
SGA - GDCC
SGA - ICM
"SGH RedGlaze Holdings, Inc."
SH Stainless Steel Contractor Pte Ltd
Sharp Insulation Company
"Shaw Contract Flooring Services, Inc."
Shawmark Inc.
"Shermco Industries, Inc."
"Shoals Electric Company, Inc."
"SideCat, LLC"
Siemens
"Siemens Industry, Inc."
Signs By Tomorrow
Signs Unlimited
Silicon Valley Mechanical
Silver Threads LLC
Sisk
SitePro Solutions
Skanstec
Skanstec
Skol Trucking
Skold Commercial Contracting
Sky-A Construction
Sky-A Construction Pte Ltd
Skyline Electric Company
Slurry Pavers
"SMAF Construction, LLC"
Smartlight Technologies Ltda
"SMG Extol, LLC dba Direct Line"
"Smith Industrial Service, Inc."
Smith Sewer Service Inc
Smyrna Ready Mix - Batch Plant
Snyder Roofing of Oregon LLC
SolarGy Pte Ltd
"Sorella Group, Inc."
SOS Exterminating
SourceOne/Veolia
Southeast Flooring Solutions
"Southern Sealing Services, LLC"
Southland
Southland Industries
Southway Crane & Rigging
"Southwest Construction Services, Inc."
Southwest Glass & Glazing
"Southwest Liner Systems, Inc."
"Southwest Sewer Service, Inc."
Sparkle Maintenance
"Sparks  Energy, Inc"
Specialty Construction Supply
"Specialty Construction, Inc."
Specialty Finishes
Specialty Finishes
"Spectra Contract Flooring (Shaw Contract Flooring Services, Inc.)"
"Sprayfoam Southwest, Inc. dba Roofing Southwest"
Square Up
SRM Concrete
Staco Electric Construction
Staker & Parson Companies
"Standard Cartage Company, Inc."
"Standard Electric Company, Inc."
Stanley Systems
Starbelt Electric
Statewide Concrete Pumping Inc.
"Stealth Concrete Cutting, Inc."
"SteelFab of Virginia, Inc. - Raleigh, NC"
"Stenstrom Group, Inc."
"Stephens & Smith Construction, Co. Inc."
"Sterling Commercial Roofing, Inc."
Stone Group
"Stoner Electric, Inc."
"Stonhard, Division of StonCor Group, Inc."
Streimer Sheet Metal Inc.
Structural Services Inc.
Structure Enterprise Solutions
Stryker Construction
Stulz Singapore Pte Ltd
Summit Electric Supply
Summit Electrical
"Summit Erectors, Inc."
Summit Fire Protection Co
"Sunbelt Rentals, Inc."
Sunray Woodcraft Construction Pte Ltd
Sunroc
Sunroc Corporation
"Suntec Concrete, Inc."
Superior Automatic Sprinkler Company
Superior Blasting Inc.
Superior Bowen
"Superior Concrete, Inc."
Superior Rigging and Erecting Company
Superior Stripping
Superior-Miller
Sure Steel
Sure Steel-Texas
"Sure Steel, Inc."
Survive-a-Shelter
"Susie's Fence, Inc"
SVM
"Swedberg Electric, Inc"
Sweeping Beauties
Switch Electric
Synergy Business Environments
System Electric
Systems Electric
SystemWorks LLC
T and S Reinforcing
T. Hansen Construction Inc.
Talley & Armstrong
Talon Concrete & Aggregates
Tank Connection
Tank Connections
Tank Connections LLC
"Tarsco Bolted Tank, Inc"
Tate Asia-Pacific Pty Ltd
Taylor Drilling Inc.
Taylor Fence
"Taylor Northwest, LLC"
TCI Construction dba Tradeco
"TCJ Mechanical, Inc."
"TDIndustries, Inc"
"TDS Custom Cabinets, LLC"
Team Fishel
Tech Onshore MEP Prefabricators Pte Ltd
Technic Builders Pte Ltd
"Technical Survey Services, Inc."
Techniques Air-Conditioning & Engineering
Tecta America Southeast
TEK Solution
Teletron Design Group
Temp Control Mechanical Corporation
"Tempest Enterprises, Inc."
"Terracon Consultants, Inc."
"Territorial Scaffold, Inc."
Terry Nix
Tetra
Texas Forming
"The Anchor Group, Inc."
The Ardit Company
The Bradley Company
The Demo Company
The Goettle Company
The Knoch Corporation
"The Lewis Collier Companies, LLC"
The Mocas Group Art Consultants
The Painting Company
The Superior Group
The Waldinger Corporation
"Thermal Insulation, Inc"
Thermal Wall Systems
"Thermo Systems, LLC"
Thiele Geotech Inc
Thompson Concrete LTD
Thompson Electric Company
"Thompson Lightning Protection, Inc."
Thompson Tractor
Thorpe Water Development Co.
Three Feathers Construction
ThyssenKrupp Elevator Corporation
"Timber Supply Explosives, Inc"
"Timmons Group,Inc."
Tindall Corporation
"Tint Pro, LLC"
"Titan Electric, LLC"
Titan Konstruktion
TMC Masonry
Todco LLC
Tom's Well Service
"TOMCO Electric, Inc."
Tong Bee Construction Pte Ltd
Top Gun
Top Pave Pte Ltd
"ToPa 3D, Inc."
Topzone E&C
Topzone E&C Pte Ltd
Torgerson Excavating INC
Tradesmen International
"Tradesmen International, LLC"
Trane U.S. Inc. dba Trane
Treadwell
Treasure Valley Drilling
Treasure Valley Refrigeration
Trenching Services
Tri City Ironworks
Tri County Paving
"Tri Dal Excavation, Ltd."
Tri-City Electric Co. of Iowa
TRI-STATE SCAFFOLDING SYSTEMS LLC
"TriMark Marlinn, LLC"
"Trinity Steel Erection, Inc."
Trion
TriWest Fence LLC
"Troy Lee Excavating, Inc."
True Fireproofing Company (Apex Industries Inc.)
TRUEPOINT LASER SCANNING
TS Fuel & Oil
TSI Services
TSL Staff Leasing
TTJ Design & Engineering Pte Ltd
"Turf Doctors, Inc."
Turfbuilder's Irrigation Inc
Turner Construction Company
Turner SPD/SPO
Turner SPO/SPD KCM
Tusco
"U.S. Firestop, LLC"
Ultra Power LLC
Underground Innovations
Unistrut International Corporation
"United Metal Products, Inc."
United Rentals
"United Rentals (North America), Inc."
United Site Services
Universal Flooring
US Fire Cabinets
US Shrink Wrap Inc
USMODULAR SPACE
Utility & Environmental Services
Utility Media Contractors
Valley Case Management & Consulting Services
Valley Interior Systems
"Valley View Building Services, Inc."
Vanessas Cleaning
VarcoMac
Vaughn Enterprises
VConstruct Private Limited
VendorWork
Veolia
Veracity Steel
"Vernam Crane Services, Inc."
Vertiv
"Veteran Erosion Services, LLC"
"Vibra-Tech Engineers, Inc."
Vinayak Scaffold & Services Pte Ltd
"VIP Refrigeration, Heating, & AC"
"Virginia Wood Processsing, Inc."
"Vista Ridge Concrete Pumping, LLC"
Vividus Coatings
Vortex Engineering
"W. W. Nash Construction Co., Inc."
"W.O. Grubb Steel Erection, Inc."
"W.W. Clyde & Co. Dba Blount Contracting, Inc."
Wagner Excavating LLC
Wagstaff Crane and Rigging
Wagstaff Crane Service
Wah Loon Engineering Pte Ltd
Walker & Laberge
Walker Engineering
Wall To Wall
Wallace Group
Walsh Door & Security
"Walters & Wolf Construction Specialties, Inc."
Wanner Metal Worx
Wasatch Safety Group
"Waste Connections Of Arizona, Inc."
"Waste Management, Inc."
Wayne Norman Inc.
WEE CHWEE HUAT Scaffolding
Wellness Coaches USA LLC
"Wes Jarnagin, Inc."
"West Fairfield, Inc."
West Georgia Concrete LLC
Western Automatic Sprinkler Corp
Western Electrical Services
"Western Engineering Company, Inc"
Western Ground Improvement
"Western Partitions, lnc."
Western State Services
Western States Fire Protection Co.
Western Technologies Inc.
"Western Wallboard Systems, Inc."
"Wheeler Services, Inc."
Whitaker Construction Company
Wilkerson Crane
Wilkin Insulation Company
Williams Construction Services
Williams Electric & Line Construction Inc.
Williams Erection Company
"Williams Scotsman, Inc."
Willscot
"Wilson & Associates, P.C."
"Wind River Contracting, Inc."
Winger Contracting Company
Wolf Metals Inc.
"Womble, LLC"
"Woodland Commercial, Inc. (Woodland Landscaping)"
WorkSource
"Wright Construction Co., Inc."
Wrights Hydroseeding
Wunderlich-Malec
"Wunderlich-Malec Systems, Inc."
XYZ Reality
Yardworks
YELLOW FRAMEWORK LLP
YIT
YKK AP Singapore Pte Ltd
YMC Inc.
Z & E Inc.
ZGG PTE LTD
